dataset,split,index,calendar_index,count,period,date,D_max,final_split,neural_split
dengue_singapore_covid,train,1,1,74,52,2012-01-01,100,development,train
dengue_singapore_covid,train,2,2,66,52,2012-01-08,100,development,train
dengue_singapore_covid,train,3,3,61,52,2012-01-15,100,development,train
dengue_singapore_covid,train,4,4,52,52,2012-01-22,100,development,train
dengue_singapore_covid,train,5,5,85,52,2012-01-29,100,development,train
dengue_singapore_covid,train,6,6,87,52,2012-02-05,100,development,train
dengue_singapore_covid,train,7,7,65,52,2012-02-12,100,development,train
dengue_singapore_covid,train,8,8,51,52,2012-02-19,100,development,train
dengue_singapore_covid,train,9,9,55,52,2012-02-26,100,development,train
dengue_singapore_covid,train,10,10,46,52,2012-03-04,100,development,train
dengue_singapore_covid,train,11,11,64,52,2012-03-11,100,development,train
dengue_singapore_covid,train,12,12,73,52,2012-03-18,100,development,train
dengue_singapore_covid,train,13,13,48,52,2012-03-25,100,development,train
dengue_singapore_covid,train,14,14,52,52,2012-04-01,100,development,train
dengue_singapore_covid,train,15,15,82,52,2012-04-08,100,development,train
dengue_singapore_covid,train,16,16,77,52,2012-04-15,100,development,train
dengue_singapore_covid,train,17,17,64,52,2012-04-22,100,development,train
dengue_singapore_covid,train,18,18,88,52,2012-04-29,100,development,train
dengue_singapore_covid,train,19,19,97,52,2012-05-06,100,development,train
dengue_singapore_covid,train,20,20,80,52,2012-05-13,100,development,train
dengue_singapore_covid,train,21,21,80,52,2012-05-20,100,development,train
dengue_singapore_covid,train,22,22,81,52,2012-05-27,100,development,train
dengue_singapore_covid,train,23,23,100,52,2012-06-03,100,development,train
dengue_singapore_covid,train,24,24,88,52,2012-06-10,100,development,train
dengue_singapore_covid,train,25,25,129,52,2012-06-17,100,development,train
dengue_singapore_covid,train,26,26,151,52,2012-06-24,100,development,train
dengue_singapore_covid,train,27,27,140,52,2012-07-01,100,development,train
dengue_singapore_covid,train,28,28,132,52,2012-07-08,100,development,train
dengue_singapore_covid,train,29,29,125,52,2012-07-15,100,development,train
dengue_singapore_covid,train,30,30,110,52,2012-07-22,100,development,train
dengue_singapore_covid,train,31,31,94,52,2012-07-29,100,development,train
dengue_singapore_covid,train,32,32,127,52,2012-08-05,100,development,train
dengue_singapore_covid,train,33,33,115,52,2012-08-12,100,development,train
dengue_singapore_covid,train,34,34,92,52,2012-08-19,100,development,train
dengue_singapore_covid,train,35,35,102,52,2012-08-26,100,development,train
dengue_singapore_covid,train,36,36,76,52,2012-09-02,100,development,train
dengue_singapore_covid,train,37,37,74,52,2012-09-09,100,development,train
dengue_singapore_covid,train,38,38,72,52,2012-09-16,100,development,train
dengue_singapore_covid,train,39,39,100,52,2012-09-23,100,development,train
dengue_singapore_covid,train,40,40,104,52,2012-09-30,100,development,train
dengue_singapore_covid,train,41,41,123,52,2012-10-07,100,development,train
dengue_singapore_covid,train,42,42,105,52,2012-10-14,100,development,train
dengue_singapore_covid,train,43,43,84,52,2012-10-21,100,development,train
dengue_singapore_covid,train,44,44,104,52,2012-10-28,100,development,train
dengue_singapore_covid,train,45,45,100,52,2012-11-04,100,development,train
dengue_singapore_covid,train,46,46,88,52,2012-11-11,100,development,train
dengue_singapore_covid,train,47,47,100,52,2012-11-18,100,development,train
dengue_singapore_covid,train,48,48,80,52,2012-11-25,100,development,train
dengue_singapore_covid,train,49,49,78,52,2012-12-02,100,development,train
dengue_singapore_covid,train,50,50,105,52,2012-12-09,100,development,train
dengue_singapore_covid,train,51,51,94,52,2012-12-16,100,development,train
dengue_singapore_covid,train,52,52,112,52,2012-12-23,100,development,train
dengue_singapore_covid,train,53,53,134,52,2012-12-30,100,development,train
dengue_singapore_covid,train,54,54,205,52,2013-01-06,100,development,train
dengue_singapore_covid,train,55,55,219,52,2013-01-13,100,development,train
dengue_singapore_covid,train,56,56,267,52,2013-01-20,100,development,train
dengue_singapore_covid,train,57,57,293,52,2013-01-27,100,development,train
dengue_singapore_covid,train,58,58,322,52,2013-02-03,100,development,train
dengue_singapore_covid,train,59,59,247,52,2013-02-10,100,development,train
dengue_singapore_covid,train,60,60,296,52,2013-02-17,100,development,train
dengue_singapore_covid,train,61,61,249,52,2013-02-24,100,development,train
dengue_singapore_covid,train,62,62,273,52,2013-03-03,100,development,train
dengue_singapore_covid,train,63,63,308,52,2013-03-10,100,development,train
dengue_singapore_covid,train,64,64,307,52,2013-03-17,100,development,train
dengue_singapore_covid,train,65,65,316,52,2013-03-24,100,development,train
dengue_singapore_covid,train,66,66,406,52,2013-03-31,100,development,train
dengue_singapore_covid,train,67,67,492,52,2013-04-07,100,development,train
dengue_singapore_covid,train,68,68,509,52,2013-04-14,100,development,train
dengue_singapore_covid,train,69,69,538,52,2013-04-21,100,development,train
dengue_singapore_covid,train,70,70,547,52,2013-04-28,100,development,train
dengue_singapore_covid,train,71,71,558,52,2013-05-05,100,development,train
dengue_singapore_covid,train,72,72,611,52,2013-05-12,100,development,train
dengue_singapore_covid,train,73,73,640,52,2013-05-19,100,development,train
dengue_singapore_covid,train,74,74,746,52,2013-05-26,100,development,train
dengue_singapore_covid,train,75,75,814,52,2013-06-02,100,development,train
dengue_singapore_covid,train,76,76,809,52,2013-06-09,100,development,train
dengue_singapore_covid,train,77,77,842,52,2013-06-16,100,development,train
dengue_singapore_covid,train,78,78,806,52,2013-06-23,100,development,train
dengue_singapore_covid,train,79,79,678,52,2013-06-30,100,development,train
dengue_singapore_covid,train,80,80,541,52,2013-07-07,100,development,train
dengue_singapore_covid,train,81,81,390,52,2013-07-14,100,development,train
dengue_singapore_covid,train,82,82,306,52,2013-07-21,100,development,train
dengue_singapore_covid,train,83,83,289,52,2013-07-28,100,development,train
dengue_singapore_covid,train,84,84,256,52,2013-08-04,100,development,train
dengue_singapore_covid,train,85,85,378,52,2013-08-11,100,development,train
dengue_singapore_covid,train,86,86,341,52,2013-08-18,100,development,train
dengue_singapore_covid,train,87,87,386,52,2013-08-25,100,development,train
dengue_singapore_covid,train,88,88,452,52,2013-09-01,100,development,train
dengue_singapore_covid,train,89,89,339,52,2013-09-08,100,development,train
dengue_singapore_covid,train,90,90,376,52,2013-09-15,100,development,train
dengue_singapore_covid,train,91,91,406,52,2013-09-22,100,development,train
dengue_singapore_covid,train,92,92,441,52,2013-09-29,100,development,train
dengue_singapore_covid,train,93,93,438,52,2013-10-06,100,development,train
dengue_singapore_covid,train,94,94,374,52,2013-10-13,100,development,train
dengue_singapore_covid,train,95,95,495,52,2013-10-20,100,development,train
dengue_singapore_covid,train,96,96,458,52,2013-10-27,100,development,train
dengue_singapore_covid,train,97,97,402,52,2013-11-03,100,development,train
dengue_singapore_covid,train,98,98,444,52,2013-11-10,100,development,train
dengue_singapore_covid,train,99,99,365,52,2013-11-17,100,development,train
dengue_singapore_covid,train,100,100,372,52,2013-11-24,100,development,train
dengue_singapore_covid,train,101,101,347,52,2013-12-01,100,development,train
dengue_singapore_covid,train,102,102,381,52,2013-12-08,100,development,train
dengue_singapore_covid,train,103,103,371,52,2013-12-15,100,development,train
dengue_singapore_covid,train,104,104,414,52,2013-12-22,100,development,train
dengue_singapore_covid,train,105,105,437,52,2013-12-29,100,development,train
dengue_singapore_covid,train,106,106,479,52,2014-01-05,100,development,train
dengue_singapore_covid,train,107,107,401,52,2014-01-12,100,development,train
dengue_singapore_covid,train,108,108,336,52,2014-01-19,100,development,train
dengue_singapore_covid,train,109,109,234,52,2014-01-26,100,development,train
dengue_singapore_covid,train,110,110,274,52,2014-02-02,100,development,train
dengue_singapore_covid,train,111,111,369,52,2014-02-09,100,development,train
dengue_singapore_covid,train,112,112,194,52,2014-02-16,100,development,train
dengue_singapore_covid,train,113,113,187,52,2014-02-23,100,development,train
dengue_singapore_covid,train,114,114,210,52,2014-03-02,100,development,train
dengue_singapore_covid,train,115,115,225,52,2014-03-09,100,development,train
dengue_singapore_covid,train,116,116,210,52,2014-03-16,100,development,train
dengue_singapore_covid,train,117,117,225,52,2014-03-23,100,development,train
dengue_singapore_covid,train,118,118,240,52,2014-03-30,100,development,train
dengue_singapore_covid,train,119,119,245,52,2014-04-06,100,development,train
dengue_singapore_covid,train,120,120,235,52,2014-04-13,100,development,train
dengue_singapore_covid,train,121,121,282,52,2014-04-20,100,development,train
dengue_singapore_covid,train,122,122,251,52,2014-04-27,100,development,train
dengue_singapore_covid,train,123,123,261,52,2014-05-04,100,development,train
dengue_singapore_covid,train,124,124,291,52,2014-05-11,100,development,train
dengue_singapore_covid,train,125,125,428,52,2014-05-18,100,development,train
dengue_singapore_covid,train,126,126,456,52,2014-05-25,100,development,train
dengue_singapore_covid,train,127,127,459,52,2014-06-01,100,development,train
dengue_singapore_covid,train,128,128,506,52,2014-06-08,100,development,train
dengue_singapore_covid,train,129,129,551,52,2014-06-15,100,development,train
dengue_singapore_covid,train,130,130,671,52,2014-06-22,100,development,train
dengue_singapore_covid,train,131,131,891,52,2014-06-29,100,development,train
dengue_singapore_covid,train,132,132,819,52,2014-07-06,100,development,train
dengue_singapore_covid,train,133,133,746,52,2014-07-13,100,development,train
dengue_singapore_covid,train,134,134,634,52,2014-07-20,100,development,train
dengue_singapore_covid,train,135,135,484,52,2014-07-27,100,development,train
dengue_singapore_covid,train,136,136,545,52,2014-08-03,100,development,train
dengue_singapore_covid,train,137,137,438,52,2014-08-10,100,development,train
dengue_singapore_covid,train,138,138,418,52,2014-08-17,100,development,train
dengue_singapore_covid,train,139,139,367,52,2014-08-24,100,development,train
dengue_singapore_covid,train,140,140,339,52,2014-08-31,100,development,train
dengue_singapore_covid,train,141,141,362,52,2014-09-07,100,development,train
dengue_singapore_covid,train,142,142,397,52,2014-09-14,100,development,train
dengue_singapore_covid,train,143,143,345,52,2014-09-21,100,development,train
dengue_singapore_covid,train,144,144,339,52,2014-09-28,100,development,train
dengue_singapore_covid,train,145,145,278,52,2014-10-05,100,development,train
dengue_singapore_covid,train,146,146,297,52,2014-10-12,100,development,train
dengue_singapore_covid,train,147,147,213,52,2014-10-19,100,development,train
dengue_singapore_covid,train,148,148,186,52,2014-10-26,100,development,train
dengue_singapore_covid,train,149,149,169,52,2014-11-02,100,development,train
dengue_singapore_covid,train,150,150,158,52,2014-11-09,100,development,train
dengue_singapore_covid,train,151,151,149,52,2014-11-16,100,development,train
dengue_singapore_covid,train,152,152,162,52,2014-11-23,100,development,train
dengue_singapore_covid,train,153,153,212,52,2014-11-30,100,development,train
dengue_singapore_covid,train,154,154,177,52,2014-12-07,100,development,train
dengue_singapore_covid,train,155,155,198,52,2014-12-14,100,development,train
dengue_singapore_covid,train,156,156,188,52,2014-12-21,100,development,train
dengue_singapore_covid,train,157,157,158,52,2014-12-28,100,development,train
dengue_singapore_covid,train,158,158,257,52,2015-01-04,100,development,train
dengue_singapore_covid,train,159,159,228,52,2015-01-11,100,development,train
dengue_singapore_covid,train,160,160,237,52,2015-01-18,100,development,train
dengue_singapore_covid,train,161,161,259,52,2015-01-25,100,development,train
dengue_singapore_covid,train,162,162,212,52,2015-02-01,100,development,train
dengue_singapore_covid,train,163,163,173,52,2015-02-08,100,development,train
dengue_singapore_covid,train,164,164,100,52,2015-02-15,100,development,train
dengue_singapore_covid,train,165,165,172,52,2015-02-22,100,development,train
dengue_singapore_covid,train,166,166,190,52,2015-03-01,100,development,train
dengue_singapore_covid,train,167,167,110,52,2015-03-08,100,development,train
dengue_singapore_covid,train,168,168,91,52,2015-03-15,100,development,train
dengue_singapore_covid,train,169,169,130,52,2015-03-22,100,development,train
dengue_singapore_covid,train,170,170,91,52,2015-03-29,100,development,train
dengue_singapore_covid,train,171,171,107,52,2015-04-05,100,development,train
dengue_singapore_covid,train,172,172,137,52,2015-04-12,100,development,train
dengue_singapore_covid,train,173,173,113,52,2015-04-19,100,development,train
dengue_singapore_covid,train,174,174,120,52,2015-04-26,100,development,train
dengue_singapore_covid,train,175,175,135,52,2015-05-03,100,development,train
dengue_singapore_covid,train,176,176,158,52,2015-05-10,100,development,train
dengue_singapore_covid,train,177,177,109,52,2015-05-17,100,development,train
dengue_singapore_covid,train,178,178,180,52,2015-05-24,100,development,train
dengue_singapore_covid,train,179,179,152,52,2015-05-31,100,development,train
dengue_singapore_covid,train,180,180,193,52,2015-06-07,100,development,train
dengue_singapore_covid,train,181,181,207,52,2015-06-14,100,development,train
dengue_singapore_covid,train,182,182,240,52,2015-06-21,100,development,train
dengue_singapore_covid,train,183,183,242,52,2015-06-28,100,development,train
dengue_singapore_covid,train,184,184,272,52,2015-07-05,100,development,train
dengue_singapore_covid,train,185,185,263,52,2015-07-12,100,development,train
dengue_singapore_covid,train,186,186,293,52,2015-07-19,100,development,train
dengue_singapore_covid,train,187,187,250,52,2015-07-26,100,development,train
dengue_singapore_covid,train,188,188,226,52,2015-08-02,100,development,train
dengue_singapore_covid,train,189,189,221,52,2015-08-09,100,development,train
dengue_singapore_covid,train,190,190,250,52,2015-08-16,100,development,train
dengue_singapore_covid,train,191,191,225,52,2015-08-23,100,development,train
dengue_singapore_covid,train,192,192,246,52,2015-08-30,100,development,train
dengue_singapore_covid,train,193,193,217,52,2015-09-06,100,development,train
dengue_singapore_covid,train,194,194,303,52,2015-09-13,100,development,train
dengue_singapore_covid,train,195,195,214,52,2015-09-20,100,development,train
dengue_singapore_covid,train,196,196,257,52,2015-09-27,100,development,train
dengue_singapore_covid,train,197,197,235,52,2015-10-04,100,development,train
dengue_singapore_covid,train,198,198,235,52,2015-10-11,100,development,train
dengue_singapore_covid,train,199,199,224,52,2015-10-18,100,development,train
dengue_singapore_covid,train,200,200,246,52,2015-10-25,100,development,train
dengue_singapore_covid,train,201,201,266,52,2015-11-01,100,development,train
dengue_singapore_covid,train,202,202,198,52,2015-11-08,100,development,train
dengue_singapore_covid,train,203,203,254,52,2015-11-15,100,development,train
dengue_singapore_covid,train,204,204,286,52,2015-11-22,100,development,train
dengue_singapore_covid,train,205,205,259,52,2015-11-29,100,development,train
dengue_singapore_covid,train,206,206,357,52,2015-12-06,100,development,train
dengue_singapore_covid,train,207,207,333,52,2015-12-13,100,development,train
dengue_singapore_covid,train,208,208,372,52,2015-12-20,100,development,train
dengue_singapore_covid,train,209,209,458,52,2015-12-27,100,development,train
dengue_singapore_covid,train,210,210,549,52,2016-01-03,100,development,train
dengue_singapore_covid,train,211,211,628,52,2016-01-10,100,development,train
dengue_singapore_covid,train,212,212,636,52,2016-01-17,100,development,train
dengue_singapore_covid,train,213,213,630,52,2016-01-24,100,development,train
dengue_singapore_covid,train,214,214,530,52,2016-01-31,100,development,train
dengue_singapore_covid,train,215,215,420,52,2016-02-07,100,development,train
dengue_singapore_covid,train,216,216,593,52,2016-02-14,100,development,train
dengue_singapore_covid,train,217,217,512,52,2016-02-21,100,development,train
dengue_singapore_covid,train,218,218,412,52,2016-02-28,100,development,train
dengue_singapore_covid,train,219,219,397,52,2016-03-06,100,development,train
dengue_singapore_covid,train,220,220,374,52,2016-03-13,100,development,train
dengue_singapore_covid,train,221,221,308,52,2016-03-20,100,development,train
dengue_singapore_covid,train,222,222,377,52,2016-03-27,100,development,train
dengue_singapore_covid,train,223,223,292,52,2016-04-03,100,development,train
dengue_singapore_covid,train,224,224,225,52,2016-04-10,100,development,train
dengue_singapore_covid,train,225,225,231,52,2016-04-17,100,development,train
dengue_singapore_covid,train,226,226,244,52,2016-04-24,100,development,train
dengue_singapore_covid,train,227,227,181,52,2016-05-01,100,development,train
dengue_singapore_covid,train,228,228,217,52,2016-05-08,100,development,train
dengue_singapore_covid,train,229,229,212,52,2016-05-15,100,development,train
dengue_singapore_covid,train,230,230,198,52,2016-05-22,100,development,train
dengue_singapore_covid,train,231,231,220,52,2016-05-29,100,development,train
dengue_singapore_covid,train,232,232,160,52,2016-06-05,100,development,train
dengue_singapore_covid,train,233,233,193,52,2016-06-12,100,development,train
dengue_singapore_covid,train,234,234,215,52,2016-06-19,100,development,train
dengue_singapore_covid,train,235,235,234,52,2016-06-26,100,development,train
dengue_singapore_covid,train,236,236,247,52,2016-07-03,100,development,train
dengue_singapore_covid,train,237,237,223,52,2016-07-10,100,development,train
dengue_singapore_covid,train,238,238,266,52,2016-07-17,100,development,train
dengue_singapore_covid,train,239,239,222,52,2016-07-24,100,development,train
dengue_singapore_covid,train,240,240,211,52,2016-07-31,100,development,train
dengue_singapore_covid,train,241,241,198,52,2016-08-07,100,development,train
dengue_singapore_covid,train,242,242,222,52,2016-08-14,100,development,train
dengue_singapore_covid,train,243,243,274,52,2016-08-21,100,development,train
dengue_singapore_covid,train,244,244,311,52,2016-08-28,100,development,train
dengue_singapore_covid,train,245,245,242,52,2016-09-04,100,development,train
dengue_singapore_covid,train,246,246,174,52,2016-09-11,100,development,train
dengue_singapore_covid,train,247,247,173,52,2016-09-18,100,development,train
dengue_singapore_covid,train,248,248,138,52,2016-09-25,100,development,train
dengue_singapore_covid,train,249,249,125,52,2016-10-02,100,development,train
dengue_singapore_covid,train,250,250,94,52,2016-10-09,100,development,train
dengue_singapore_covid,train,251,251,108,52,2016-10-16,100,development,train
dengue_singapore_covid,train,252,252,84,52,2016-10-23,100,development,train
dengue_singapore_covid,train,253,253,86,52,2016-10-30,100,development,train
dengue_singapore_covid,train,254,254,84,52,2016-11-06,100,development,train
dengue_singapore_covid,train,255,255,72,52,2016-11-13,100,development,train
dengue_singapore_covid,train,256,256,75,52,2016-11-20,100,development,train
dengue_singapore_covid,train,257,257,86,52,2016-11-27,100,development,train
dengue_singapore_covid,train,258,258,59,52,2016-12-04,100,development,train
dengue_singapore_covid,train,259,259,81,52,2016-12-11,100,development,train
dengue_singapore_covid,train,260,260,72,52,2016-12-18,100,development,train
dengue_singapore_covid,train,261,261,64,52,2016-12-25,100,development,train
dengue_singapore_covid,train,262,262,70,52,2017-01-01,100,development,train
dengue_singapore_covid,train,263,263,91,52,2017-01-08,100,development,train
dengue_singapore_covid,train,264,264,75,52,2017-01-15,100,development,train
dengue_singapore_covid,train,265,265,66,52,2017-01-22,100,development,train
dengue_singapore_covid,train,266,266,62,52,2017-01-29,100,development,train
dengue_singapore_covid,train,267,267,77,52,2017-02-05,100,development,train
dengue_singapore_covid,train,268,268,53,52,2017-02-12,100,development,train
dengue_singapore_covid,train,269,269,54,52,2017-02-19,100,development,train
dengue_singapore_covid,train,270,270,41,52,2017-02-26,100,development,train
dengue_singapore_covid,train,271,271,32,52,2017-03-05,100,development,train
dengue_singapore_covid,train,272,272,35,52,2017-03-12,100,development,train
dengue_singapore_covid,train,273,273,32,52,2017-03-19,100,development,train
dengue_singapore_covid,train,274,274,50,52,2017-03-26,100,development,train
dengue_singapore_covid,train,275,275,37,52,2017-04-02,100,development,train
dengue_singapore_covid,train,276,276,32,52,2017-04-09,100,development,train
dengue_singapore_covid,train,277,277,51,52,2017-04-16,100,development,train
dengue_singapore_covid,train,278,278,37,52,2017-04-23,100,development,train
dengue_singapore_covid,train,279,279,42,52,2017-04-30,100,development,train
dengue_singapore_covid,train,280,280,48,52,2017-05-07,100,development,train
dengue_singapore_covid,train,281,281,50,52,2017-05-14,100,development,train
dengue_singapore_covid,train,282,282,50,52,2017-05-21,100,development,train
dengue_singapore_covid,train,283,283,66,52,2017-05-28,100,development,train
dengue_singapore_covid,train,284,284,62,52,2017-06-04,100,development,train
dengue_singapore_covid,train,285,285,80,52,2017-06-11,100,development,train
dengue_singapore_covid,train,286,286,73,52,2017-06-18,100,development,train
dengue_singapore_covid,train,287,287,75,52,2017-06-25,100,development,train
dengue_singapore_covid,train,288,288,63,52,2017-07-02,100,development,train
dengue_singapore_covid,train,289,289,53,52,2017-07-09,100,development,train
dengue_singapore_covid,train,290,290,51,52,2017-07-16,100,development,train
dengue_singapore_covid,train,291,291,67,52,2017-07-23,100,development,train
dengue_singapore_covid,train,292,292,60,52,2017-07-30,100,development,train
dengue_singapore_covid,train,293,293,56,52,2017-08-06,100,development,train
dengue_singapore_covid,train,294,294,53,52,2017-08-13,100,development,train
dengue_singapore_covid,train,295,295,52,52,2017-08-20,100,development,train
dengue_singapore_covid,train,296,296,33,52,2017-08-27,100,development,train
dengue_singapore_covid,train,297,297,40,52,2017-09-03,100,development,train
dengue_singapore_covid,train,298,298,53,52,2017-09-10,100,development,train
dengue_singapore_covid,train,299,299,59,52,2017-09-17,100,development,train
dengue_singapore_covid,train,300,300,39,52,2017-09-24,100,development,train
dengue_singapore_covid,train,301,301,52,52,2017-10-01,100,development,train
dengue_singapore_covid,train,302,302,55,52,2017-10-08,100,development,train
dengue_singapore_covid,train,303,303,63,52,2017-10-15,100,development,train
dengue_singapore_covid,train,304,304,77,52,2017-10-22,100,development,train
dengue_singapore_covid,train,305,305,62,52,2017-10-29,100,development,train
dengue_singapore_covid,train,306,306,44,52,2017-11-05,100,development,train
dengue_singapore_covid,train,307,307,50,52,2017-11-12,100,development,train
dengue_singapore_covid,train,308,308,24,52,2017-11-19,100,development,train
dengue_singapore_covid,train,309,309,38,52,2017-11-26,100,development,train
dengue_singapore_covid,train,310,310,34,52,2017-12-03,100,development,train
dengue_singapore_covid,train,311,311,40,52,2017-12-10,100,development,train
dengue_singapore_covid,train,312,312,51,52,2017-12-17,100,development,train
dengue_singapore_covid,train,313,313,66,52,2017-12-24,100,development,train
dengue_singapore_covid,train,314,314,83,52,2017-12-31,100,development,train
dengue_singapore_covid,train,315,315,68,52,2018-01-07,100,development,train
dengue_singapore_covid,train,316,316,54,52,2018-01-14,100,development,train
dengue_singapore_covid,train,317,317,45,52,2018-01-21,100,development,train
dengue_singapore_covid,train,318,318,48,52,2018-01-28,100,development,train
dengue_singapore_covid,train,319,319,50,52,2018-02-04,100,development,train
dengue_singapore_covid,train,320,320,28,52,2018-02-11,100,development,train
dengue_singapore_covid,train,321,321,39,52,2018-02-18,100,development,train
dengue_singapore_covid,train,322,322,51,52,2018-02-25,100,development,train
dengue_singapore_covid,train,323,323,37,52,2018-03-04,100,development,train
dengue_singapore_covid,train,324,324,39,52,2018-03-11,100,development,train
dengue_singapore_covid,train,325,325,36,52,2018-03-18,100,development,train
dengue_singapore_covid,train,326,326,24,52,2018-03-25,100,development,train
dengue_singapore_covid,train,327,327,38,52,2018-04-01,100,development,train
dengue_singapore_covid,train,328,328,38,52,2018-04-08,100,development,train
dengue_singapore_covid,train,329,329,56,52,2018-04-15,100,development,train
dengue_singapore_covid,train,330,330,56,52,2018-04-22,100,development,train
dengue_singapore_covid,train,331,331,77,52,2018-04-29,100,development,train
dengue_singapore_covid,train,332,332,62,52,2018-05-06,100,development,train
dengue_singapore_covid,train,333,333,64,52,2018-05-13,100,development,train
dengue_singapore_covid,train,334,334,65,52,2018-05-20,100,development,train
dengue_singapore_covid,train,335,335,54,52,2018-05-27,100,development,train
dengue_singapore_covid,train,336,336,75,52,2018-06-03,100,development,train
dengue_singapore_covid,train,337,337,55,52,2018-06-10,100,development,train
dengue_singapore_covid,train,338,338,61,52,2018-06-17,100,development,train
dengue_singapore_covid,train,339,339,76,52,2018-06-24,100,development,train
dengue_singapore_covid,train,340,340,58,52,2018-07-01,100,development,train
dengue_singapore_covid,train,341,341,44,52,2018-07-08,100,development,train
dengue_singapore_covid,train,342,342,41,52,2018-07-15,100,development,train
dengue_singapore_covid,train,343,343,56,52,2018-07-22,100,development,train
dengue_singapore_covid,train,344,344,51,52,2018-07-29,100,development,train
dengue_singapore_covid,train,345,345,59,52,2018-08-05,100,development,train
dengue_singapore_covid,train,346,346,43,52,2018-08-12,100,development,train
dengue_singapore_covid,train,347,347,68,52,2018-08-19,100,development,train
dengue_singapore_covid,train,348,348,75,52,2018-08-26,100,development,train
dengue_singapore_covid,train,349,349,76,52,2018-09-02,100,development,train
dengue_singapore_covid,train,350,350,49,52,2018-09-09,100,development,train
dengue_singapore_covid,train,351,351,63,52,2018-09-16,100,development,train
dengue_singapore_covid,train,352,352,40,52,2018-09-23,100,development,train
dengue_singapore_covid,train,353,353,51,52,2018-09-30,100,development,train
dengue_singapore_covid,train,354,354,51,52,2018-10-07,100,development,train
dengue_singapore_covid,train,355,355,62,52,2018-10-14,100,development,train
dengue_singapore_covid,train,356,356,78,52,2018-10-21,100,development,validation
dengue_singapore_covid,train,357,357,75,52,2018-10-28,100,development,validation
dengue_singapore_covid,train,358,358,71,52,2018-11-04,100,development,validation
dengue_singapore_covid,train,359,359,78,52,2018-11-11,100,development,validation
dengue_singapore_covid,train,360,360,97,52,2018-11-18,100,development,validation
dengue_singapore_covid,train,361,361,109,52,2018-11-25,100,development,validation
dengue_singapore_covid,train,362,362,115,52,2018-12-02,100,development,validation
dengue_singapore_covid,train,363,363,108,52,2018-12-09,100,development,validation
dengue_singapore_covid,train,364,364,128,52,2018-12-16,100,development,validation
dengue_singapore_covid,train,365,365,160,52,2018-12-23,100,development,validation
dengue_singapore_covid,train,366,366,207,52,2018-12-30,100,development,validation
dengue_singapore_covid,train,367,367,245,52,2019-01-06,100,development,validation
dengue_singapore_covid,train,368,368,215,52,2019-01-13,100,development,validation
dengue_singapore_covid,train,369,369,222,52,2019-01-20,100,development,validation
dengue_singapore_covid,train,370,370,182,52,2019-01-27,100,development,validation
dengue_singapore_covid,train,371,371,138,52,2019-02-03,100,development,validation
dengue_singapore_covid,train,372,372,235,52,2019-02-10,100,development,validation
dengue_singapore_covid,train,373,373,182,52,2019-02-17,100,development,validation
dengue_singapore_covid,train,374,374,157,52,2019-02-24,100,development,validation
dengue_singapore_covid,train,375,375,134,52,2019-03-03,100,development,validation
dengue_singapore_covid,train,376,376,109,52,2019-03-10,100,development,validation
dengue_singapore_covid,train,377,377,97,52,2019-03-17,100,development,validation
dengue_singapore_covid,train,378,378,100,52,2019-03-24,100,development,validation
dengue_singapore_covid,train,379,379,108,52,2019-03-31,100,development,validation
dengue_singapore_covid,train,380,380,125,52,2019-04-07,100,development,validation
dengue_singapore_covid,train,381,381,135,52,2019-04-14,100,development,validation
dengue_singapore_covid,train,382,382,157,52,2019-04-21,100,development,validation
dengue_singapore_covid,train,383,383,194,52,2019-04-28,100,development,validation
dengue_singapore_covid,train,384,384,287,52,2019-05-05,100,development,validation
dengue_singapore_covid,train,385,385,309,52,2019-05-12,100,development,validation
dengue_singapore_covid,train,386,386,378,52,2019-05-19,100,development,validation
dengue_singapore_covid,train,387,387,401,52,2019-05-26,100,development,validation
dengue_singapore_covid,train,388,388,400,52,2019-06-02,100,development,validation
dengue_singapore_covid,train,389,389,467,52,2019-06-09,100,development,validation
dengue_singapore_covid,train,390,390,433,52,2019-06-16,100,development,validation
dengue_singapore_covid,train,391,391,497,52,2019-06-23,100,development,validation
dengue_singapore_covid,train,392,392,593,52,2019-06-30,100,development,validation
dengue_singapore_covid,train,393,393,663,52,2019-07-07,100,development,validation
dengue_singapore_covid,train,394,394,646,52,2019-07-14,100,development,validation
dengue_singapore_covid,train,395,395,605,52,2019-07-21,100,development,validation
dengue_singapore_covid,train,396,396,599,52,2019-07-28,100,development,validation
dengue_singapore_covid,train,397,397,523,52,2019-08-04,100,development,validation
dengue_singapore_covid,train,398,398,524,52,2019-08-11,100,development,validation
dengue_singapore_covid,train,399,399,474,52,2019-08-18,100,development,validation
dengue_singapore_covid,train,400,400,414,52,2019-08-25,100,development,validation
dengue_singapore_covid,train,401,401,327,52,2019-09-01,100,development,validation
dengue_singapore_covid,train,402,402,317,52,2019-09-08,100,development,validation
dengue_singapore_covid,train,403,403,301,52,2019-09-15,100,development,validation
dengue_singapore_covid,train,404,404,261,52,2019-09-22,100,development,validation
dengue_singapore_covid,train,405,405,246,52,2019-09-29,100,development,validation
dengue_singapore_covid,train,406,406,227,52,2019-10-06,100,development,validation
dengue_singapore_covid,train,407,407,239,52,2019-10-13,100,development,validation
dengue_singapore_covid,train,408,408,242,52,2019-10-20,100,development,validation
dengue_singapore_covid,train,409,409,308,52,2019-10-27,100,development,validation
dengue_singapore_covid,train,410,410,322,52,2019-11-03,100,development,validation
dengue_singapore_covid,train,411,411,373,52,2019-11-10,100,development,validation
dengue_singapore_covid,train,412,412,331,52,2019-11-17,100,development,validation
dengue_singapore_covid,train,413,413,295,52,2019-11-24,100,development,validation
dengue_singapore_covid,train,414,414,281,52,2019-12-01,100,development,validation
dengue_singapore_covid,train,415,415,257,52,2019-12-08,100,development,validation
dengue_singapore_covid,train,416,416,226,52,2019-12-15,100,development,validation
dengue_singapore_covid,train,417,417,290,52,2019-12-22,100,development,validation
dengue_singapore_covid,train,418,418,303,52,2019-12-29,100,development,validation
dengue_singapore_covid,test,419,419,343,52,2020-01-05,100,test,test
dengue_singapore_covid,test,420,420,404,52,2020-01-12,100,test,test
dengue_singapore_covid,test,421,421,309,52,2020-01-19,100,test,test
dengue_singapore_covid,test,422,422,370,52,2020-01-26,100,test,test
dengue_singapore_covid,test,423,423,400,52,2020-02-02,100,test,test
dengue_singapore_covid,test,424,424,380,52,2020-02-09,100,test,test
dengue_singapore_covid,test,425,425,381,52,2020-02-16,100,test,test
dengue_singapore_covid,test,426,426,374,52,2020-02-23,100,test,test
dengue_singapore_covid,test,427,427,375,52,2020-03-01,100,test,test
dengue_singapore_covid,test,428,428,389,52,2020-03-08,100,test,test
dengue_singapore_covid,test,429,429,368,52,2020-03-15,100,test,test
dengue_singapore_covid,test,430,430,377,52,2020-03-22,100,test,test
dengue_singapore_covid,test,431,431,315,52,2020-03-29,100,test,test
dengue_singapore_covid,test,432,432,343,52,2020-04-05,100,test,test
dengue_singapore_covid,test,433,433,360,52,2020-04-12,100,test,test
dengue_singapore_covid,test,434,434,400,52,2020-04-19,100,test,test
dengue_singapore_covid,test,435,435,390,52,2020-04-26,100,test,test
dengue_singapore_covid,test,436,436,507,52,2020-05-03,100,test,test
dengue_singapore_covid,test,437,437,526,52,2020-05-10,100,test,test
dengue_singapore_covid,test,438,438,619,52,2020-05-17,100,test,test
dengue_singapore_covid,test,439,439,732,52,2020-05-24,100,test,test
dengue_singapore_covid,test,440,440,868,52,2020-05-31,100,test,test
dengue_singapore_covid,test,441,441,1153,52,2020-06-07,100,test,test
dengue_singapore_covid,test,442,442,1371,52,2020-06-14,100,test,test
dengue_singapore_covid,test,443,443,1460,52,2020-06-21,100,test,test
dengue_singapore_covid,test,444,444,1448,52,2020-06-28,100,test,test
dengue_singapore_covid,test,445,445,1667,52,2020-07-05,100,test,test
dengue_singapore_covid,test,446,446,1729,52,2020-07-12,100,test,test
dengue_singapore_covid,test,447,447,1792,52,2020-07-19,100,test,test
dengue_singapore_covid,test,448,448,1378,52,2020-07-26,100,test,test
dengue_singapore_covid,test,449,449,1667,52,2020-08-02,100,test,test
dengue_singapore_covid,test,450,450,1339,52,2020-08-09,100,test,test
dengue_singapore_covid,test,451,451,1287,52,2020-08-16,100,test,test
dengue_singapore_covid,test,452,452,1154,52,2020-08-23,100,test,test
dengue_singapore_covid,test,453,453,938,52,2020-08-30,100,test,test
dengue_singapore_covid,test,454,454,725,52,2020-09-06,100,test,test
dengue_singapore_covid,test,455,455,671,52,2020-09-13,100,test,test
dengue_singapore_covid,test,456,456,591,52,2020-09-20,100,test,test
dengue_singapore_covid,test,457,457,605,52,2020-09-27,100,test,test
dengue_singapore_covid,test,458,458,529,52,2020-10-04,100,test,test
dengue_singapore_covid,test,459,459,592,52,2020-10-11,100,test,test
dengue_singapore_covid,test,460,460,565,52,2020-10-18,100,test,test
dengue_singapore_covid,test,461,461,440,52,2020-10-25,100,test,test
dengue_singapore_covid,test,462,462,408,52,2020-11-01,100,test,test
dengue_singapore_covid,test,463,463,355,52,2020-11-08,100,test,test
dengue_singapore_covid,test,464,464,258,52,2020-11-15,100,test,test
dengue_singapore_covid,test,465,465,279,52,2020-11-22,100,test,test
dengue_singapore_covid,test,466,466,228,52,2020-11-29,100,test,test
dengue_singapore_covid,test,467,467,227,52,2020-12-06,100,test,test
dengue_singapore_covid,test,468,468,236,52,2020-12-13,100,test,test
dengue_singapore_covid,test,469,469,196,52,2020-12-20,100,test,test
dengue_singapore_covid,test,470,470,194,52,2020-12-27,100,test,test
dengue_singapore_covid,test,471,471,194,52,2021-01-03,100,test,test
dengue_singapore_covid,test,472,472,166,52,2021-01-10,100,test,test
dengue_singapore_covid,test,473,473,152,52,2021-01-17,100,test,test
dengue_singapore_covid,test,474,474,135,52,2021-01-24,100,test,test
dengue_singapore_covid,test,475,475,141,52,2021-01-31,100,test,test
dengue_singapore_covid,test,476,476,143,52,2021-02-07,100,test,test
dengue_singapore_covid,test,477,477,148,52,2021-02-14,100,test,test
dengue_singapore_covid,test,478,478,146,52,2021-02-21,100,test,test
dengue_singapore_covid,test,479,479,140,52,2021-02-28,100,test,test
dengue_singapore_covid,test,480,480,145,52,2021-03-07,100,test,test
dengue_singapore_covid,test,481,481,129,52,2021-03-14,100,test,test
dengue_singapore_covid,test,482,482,120,52,2021-03-21,100,test,test
dengue_singapore_covid,test,483,483,113,52,2021-03-28,100,test,test
dengue_singapore_covid,test,484,484,102,52,2021-04-04,100,test,test
dengue_singapore_covid,test,485,485,112,52,2021-04-11,100,test,test
dengue_singapore_covid,test,486,486,129,52,2021-04-18,100,test,test
dengue_singapore_covid,test,487,487,84,52,2021-04-25,100,test,test
dengue_singapore_covid,test,488,488,117,52,2021-05-02,100,test,test
dengue_singapore_covid,test,489,489,92,52,2021-05-09,100,test,test
dengue_singapore_covid,test,490,490,119,52,2021-05-16,100,test,test
dengue_singapore_covid,test,491,491,130,52,2021-05-23,100,test,test
dengue_singapore_covid,test,492,492,118,52,2021-05-30,100,test,test
dengue_singapore_covid,test,493,493,137,52,2021-06-06,100,test,test
dengue_singapore_covid,test,494,494,135,52,2021-06-13,100,test,test
dengue_singapore_covid,test,495,495,127,52,2021-06-20,100,test,test
dengue_singapore_covid,test,496,496,112,52,2021-06-27,100,test,test
dengue_singapore_covid,test,497,497,104,52,2021-07-04,100,test,test
dengue_singapore_covid,test,498,498,75,52,2021-07-11,100,test,test
dengue_singapore_covid,test,499,499,80,52,2021-07-18,100,test,test
dengue_singapore_covid,test,500,500,82,52,2021-07-25,100,test,test
dengue_singapore_covid,test,501,501,70,52,2021-08-01,100,test,test
dengue_singapore_covid,test,502,502,81,52,2021-08-08,100,test,test
dengue_singapore_covid,test,503,503,56,52,2021-08-15,100,test,test
dengue_singapore_covid,test,504,504,53,52,2021-08-22,100,test,test
dengue_singapore_covid,test,505,505,46,52,2021-08-29,100,test,test
dengue_singapore_covid,test,506,506,61,52,2021-09-05,100,test,test
dengue_singapore_covid,test,507,507,74,52,2021-09-12,100,test,test
dengue_singapore_covid,test,508,508,110,52,2021-09-19,100,test,test
dengue_singapore_covid,test,509,509,105,52,2021-09-26,100,test,test
dengue_singapore_covid,test,510,510,104,52,2021-10-03,100,test,test
dengue_singapore_covid,test,511,511,85,52,2021-10-10,100,test,test
dengue_singapore_covid,test,512,512,76,52,2021-10-17,100,test,test
dengue_singapore_covid,test,513,513,75,52,2021-10-24,100,test,test
dengue_singapore_covid,test,514,514,59,52,2021-10-31,100,test,test
dengue_singapore_covid,test,515,515,42,52,2021-11-07,100,test,test
dengue_singapore_covid,test,516,516,56,52,2021-11-14,100,test,test
dengue_singapore_covid,test,517,517,63,52,2021-11-21,100,test,test
dengue_singapore_covid,test,518,518,48,52,2021-11-28,100,test,test
dengue_singapore_covid,test,519,519,65,52,2021-12-05,100,test,test
dengue_singapore_covid,test,520,520,61,52,2021-12-12,100,test,test
dengue_singapore_covid,test,521,521,68,52,2021-12-19,100,test,test
dengue_singapore_covid,test,522,522,79,52,2021-12-26,100,test,test
dengue_singapore_covid,test,523,523,106,52,2022-01-02,100,test,test
dengue_singapore_covid,test,524,524,146,52,2022-01-09,100,test,test
dengue_singapore_covid,test,525,525,180,52,2022-01-16,100,test,test
dengue_singapore_covid,test,526,526,171,52,2022-01-23,100,test,test
dengue_singapore_covid,test,527,527,154,52,2022-01-30,100,test,test
dengue_singapore_covid,test,528,528,169,52,2022-02-06,100,test,test
dengue_singapore_covid,test,529,529,206,52,2022-02-13,100,test,test
dengue_singapore_covid,test,530,530,201,52,2022-02-20,100,test,test
dengue_singapore_covid,test,531,531,263,52,2022-02-27,100,test,test
dengue_singapore_covid,test,532,532,369,52,2022-03-06,100,test,test
dengue_singapore_covid,test,533,533,421,52,2022-03-13,100,test,test
dengue_singapore_covid,test,534,534,441,52,2022-03-20,100,test,test
dengue_singapore_covid,test,535,535,510,52,2022-03-27,100,test,test
dengue_singapore_covid,test,536,536,643,52,2022-04-03,100,test,test
dengue_singapore_covid,test,537,537,734,52,2022-04-10,100,test,test
dengue_singapore_covid,test,538,538,942,52,2022-04-17,100,test,test
dengue_singapore_covid,test,539,539,1003,52,2022-04-24,100,test,test
dengue_singapore_covid,test,540,540,846,52,2022-05-01,100,test,test
dengue_singapore_covid,test,541,541,1315,52,2022-05-08,100,test,test
dengue_singapore_covid,test,542,542,1276,52,2022-05-15,100,test,test
dengue_singapore_covid,test,543,543,1567,52,2022-05-22,100,test,test
dengue_singapore_covid,test,544,544,1454,52,2022-05-29,100,test,test
dengue_singapore_covid,test,545,545,1460,52,2022-06-05,100,test,test
dengue_singapore_covid,test,546,546,1254,52,2022-06-12,100,test,test
dengue_singapore_covid,test,547,547,1172,52,2022-06-19,100,test,test
dengue_singapore_covid,test,548,548,1187,52,2022-06-26,100,test,test
dengue_singapore_covid,test,549,549,1164,52,2022-07-03,100,test,test
dengue_singapore_covid,test,550,550,918,52,2022-07-10,100,test,test
dengue_singapore_covid,test,551,551,1036,52,2022-07-17,100,test,test
dengue_singapore_covid,test,552,552,1092,52,2022-07-24,100,test,test
dengue_singapore_covid,test,553,553,896,52,2022-07-31,100,test,test
dengue_singapore_covid,test,554,554,879,52,2022-08-07,100,test,test
dengue_singapore_covid,test,555,555,679,52,2022-08-14,100,test,test
dengue_singapore_covid,test,556,556,662,52,2022-08-21,100,test,test
dengue_singapore_covid,test,557,557,581,52,2022-08-28,100,test,test
dengue_singapore_covid,test,558,558,570,52,2022-09-04,100,test,test
dengue_singapore_covid,test,559,559,544,52,2022-09-11,100,test,test
dengue_singapore_covid,test,560,560,472,52,2022-09-18,100,test,test
dengue_singapore_covid,test,561,561,426,52,2022-09-25,100,test,test
dengue_singapore_covid,test,562,562,397,52,2022-10-02,100,test,test
dengue_singapore_covid,test,563,563,376,52,2022-10-09,100,test,test
dengue_singapore_covid,test,564,564,373,52,2022-10-16,100,test,test
dengue_singapore_covid,test,565,565,314,52,2022-10-23,100,test,test
dengue_singapore_covid,test,566,566,318,52,2022-10-30,100,test,test
dengue_singapore_covid,test,567,567,294,52,2022-11-06,100,test,test
dengue_singapore_covid,test,568,568,315,52,2022-11-13,100,test,test
dengue_singapore_covid,test,569,569,265,52,2022-11-20,100,test,test
dengue_singapore_covid,test,570,570,242,52,2022-11-27,100,test,test
dengue_singapore_covid,test,571,571,327,52,2022-12-04,100,test,test
dengue_singapore_covid,test,572,572,290,52,2022-12-11,100,test,test
dengue_singapore_covid,test,573,573,270,52,2022-12-18,100,test,test
dengue_singapore_covid,test,574,574,285,52,2022-12-25,100,test,test
